temps (s);temps (ms);temps;ACTU;MILIEU;LASER
0;0;3026;22.30;22.30;22.03
0.504;504;3530;22.30;22.30;22.03
1.007;1007;4033;22.30;22.30;22.03
1.511;1511;4537;22.30;22.30;22.03
2.014;2014;5040;22.30;22.39;22.03
2.516;2516;5542;22.21;22.39;22.03
3.02;3020;6046;22.30;22.39;22.03
3.523;3523;6549;22.21;22.39;22.12
4.027;4027;7053;22.12;22.39;22.12
4.53;4530;7556;21.95;22.39;22.12
5.032;5032;8058;21.77;22.39;22.12
5.536;5536;8562;21.51;22.39;22.12
6.039;6039;9065;21.33;22.39;22.12
6.543;6543;9569;21.07;22.39;22.12
7.046;7046;10072;20.89;22.39;22.12
7.548;7548;10574;20.72;22.39;22.03
8.052;8052;11078;20.54;22.30;22.12
8.555;8555;11581;20.37;22.30;22.12
9.059;9059;12085;20.19;22.30;22.12
9.562;9562;12588;20.01;22.30;22.03
10.065;10065;13091;19.84;22.30;22.12
10.568;10568;13594;19.66;22.30;22.03
11.072;11072;14098;19.58;22.21;22.03
11.575;11575;14601;19.40;22.21;22.03
12.078;12078;15104;19.23;22.21;22.03
12.581;12581;15607;19.14;22.12;22.03
13.084;13084;16110;19.05;22.12;22.03
13.588;13588;16614;18.88;22.12;22.03
14.091;14091;17117;18.79;22.03;22.12
14.594;14594;17620;18.61;22.03;22.03
15.097;15097;18123;18.53;22.03;22.03
15.601;15601;18627;18.44;21.95;22.03
16.104;16104;19130;18.35;21.95;22.03
16.607;16607;19633;18.26;21.86;22.03
17.11;17110;20136;18.17;21.86;22.03
17.613;17613;20639;18.09;21.86;22.03
18.117;18117;21143;18.00;21.77;22.03
18.62;18620;21646;17.91;21.68;21.95
19.124;19124;22150;17.82;21.68;22.03
19.626;19626;22652;17.74;21.68;22.03
20.13;20130;23156;17.65;21.59;21.95
20.633;20633;23659;17.56;21.59;21.95
21.136;21136;24162;17.47;21.51;21.95
21.64;21640;24666;17.39;21.51;21.95
22.142;22142;25168;17.30;21.42;21.95
22.646;22646;25672;17.21;21.42;21.95
23.149;23149;26175;17.12;21.42;21.95
23.653;23653;26679;17.12;21.33;21.95
24.156;24156;27182;17.03;21.33;21.86
24.659;24659;27685;16.95;21.24;21.86
25.162;25162;28188;16.86;21.24;21.86
25.666;25666;28692;16.77;21.16;21.86
26.169;26169;29195;16.77;21.16;21.86
26.672;26672;29698;16.68;21.07;21.86
27.175;27175;30201;16.59;20.98;21.77
27.678;27678;30704;16.59;20.98;21.77
28.182;28182;31208;16.51;20.98;21.77
28.685;28685;31711;16.42;20.89;21.77
29.189;29189;32215;16.33;20.89;21.77
29.691;29691;32717;16.33;20.89;21.68
30.195;30195;33221;16.24;20.80;21.68
30.698;30698;33724;16.24;20.80;21.68
31.202;31202;34228;16.15;20.72;21.68
31.705;31705;34731;16.07;20.72;21.59
32.207;32207;35233;16.07;20.63;21.59
32.711;32711;35737;15.98;20.63;21.59
33.214;33214;36240;15.89;20.54;21.59
33.718;33718;36744;15.89;20.54;21.51
34.22;34220;37246;15.80;20.45;21.51
34.724;34724;37750;15.71;20.45;21.51
35.227;35227;38253;15.71;20.37;21.42
35.731;35731;38757;15.63;20.37;21.42
36.234;36234;39260;15.63;20.28;21.42
36.736;36736;39762;15.63;20.28;21.42
37.24;37240;40266;15.54;20.19;21.42
37.743;37743;40769;15.45;20.19;21.33
38.247;38247;41273;15.45;20.19;21.33
38.75;38750;41776;15.36;20.10;21.33
39.253;39253;42279;15.36;20.10;21.24
39.756;39756;42782;15.36;20.01;21.24
40.26;40260;43286;15.27;20.01;21.24
40.763;40763;43789;15.27;20.01;21.24
41.266;41266;44292;15.18;19.93;21.16
41.769;41769;44795;15.18;19.84;21.16
42.272;42272;45298;15.10;19.84;21.16
42.776;42776;45802;15.10;19.84;21.07
43.279;43279;46305;15.10;19.84;21.07
43.783;43783;46809;15.01;19.75;21.07
44.285;44285;47311;14.92;19.75;20.98
44.789;44789;47815;14.92;19.66;20.98
45.292;45292;48318;14.92;19.66;20.98
45.796;45796;48822;14.83;19.58;20.89
46.299;46299;49325;14.83;19.58;20.89
46.801;46801;49827;14.74;19.49;20.89
47.305;47305;50331;14.74;19.49;20.80
47.808;47808;50834;14.74;19.49;20.80
48.312;48312;51338;14.65;19.40;20.80
48.815;48815;51841;14.65;19.40;20.80
49.318;49318;52344;14.65;19.40;20.72
49.821;49821;52847;14.65;19.31;20.72
50.324;50324;53350;14.57;19.31;20.72
50.828;50828;53854;14.57;19.23;20.63
51.33;51330;54356;14.57;19.23;20.63
51.834;51834;54860;14.48;19.23;20.63
52.337;52337;55363;14.48;19.14;20.54
52.841;52841;55867;14.48;19.14;20.54
53.344;53344;56370;14.39;19.05;20.54
53.847;53847;56873;14.39;19.05;20.54
54.35;54350;57376;14.39;19.05;20.45
54.853;54853;57879;14.30;18.96;20.45
55.357;55357;58383;14.30;18.96;20.45
55.86;55860;58886;14.30;18.96;20.37
56.363;56363;59389;14.21;18.88;20.37
56.866;56866;59892;14.21;18.88;20.37
57.37;57370;60396;14.21;18.79;20.37
57.873;57873;60899;14.12;18.79;20.28
58.377;58377;61403;14.12;18.79;20.28
58.879;58879;61905;14.12;18.79;20.19
59.382;59382;62408;14.03;18.70;20.19
59.886;59886;62912;14.03;18.70;20.19
60.389;60389;63415;13.94;18.61;20.19
60.893;60893;63919;13.94;18.61;20.10
61.395;61395;64421;13.86;18.61;20.10
61.899;61899;64925;13.86;18.61;20.10
62.402;62402;65428;13.86;18.53;20.01
62.905;62905;65931;13.77;18.53;20.01
63.409;63409;66435;13.77;18.44;20.01
63.911;63911;66937;13.68;18.44;19.93
64.415;64415;67441;13.68;18.44;19.93
64.918;64918;67944;13.68;18.35;19.93
65.422;65422;68448;13.59;18.35;19.84
65.925;65925;68951;13.59;18.35;19.84
66.427;66427;69453;13.59;18.26;19.84
66.931;66931;69957;13.50;18.26;19.75
67.434;67434;70460;13.50;18.26;19.75
67.938;67938;70964;13.50;18.17;19.75
68.441;68441;71467;13.41;18.17;19.75
68.944;68944;71970;13.41;18.17;19.66
69.447;69447;72473;13.32;18.09;19.66
69.951;69951;72977;13.32;18.09;19.66
70.454;70454;73480;13.32;18.00;19.58
70.956;70956;73982;13.23;18.00;19.58
71.46;71460;74486;13.23;18.00;19.58
71.963;71963;74989;13.23;17.91;19.49
72.467;72467;75493;13.23;17.91;19.49
72.97;72970;75996;13.23;17.91;19.49
73.473;73473;76499;13.14;17.91;19.49
73.976;73976;77002;13.14;17.91;19.40
74.48;74480;77506;13.14;17.82;19.31
74.983;74983;78009;13.05;17.82;19.31
75.486;75486;78512;13.05;17.82;19.31
75.989;75989;79015;13.05;17.74;19.31
76.492;76492;79518;13.05;17.74;19.23
76.996;76996;80022;13.05;17.65;19.23
77.499;77499;80525;12.96;17.65;19.23
78.003;78003;81029;12.96;17.65;19.23
78.505;78505;81531;12.96;17.56;19.14
79.008;79008;82034;12.87;17.56;19.14
79.512;79512;82538;12.87;17.56;19.14
80.015;80015;83041;12.87;17.56;19.05
80.519;80519;83545;12.87;17.56;19.05
81.021;81021;84047;12.87;17.47;19.05
81.525;81525;84551;12.87;17.47;18.96
82.028;82028;85054;12.78;17.39;18.96
82.532;82532;85558;12.78;17.39;18.96
83.035;83035;86061;12.78;17.39;18.96
83.537;83537;86563;12.78;17.30;18.88
84.041;84041;87067;12.78;17.30;18.88
84.544;84544;87570;12.78;17.30;18.88
85.048;85048;88074;12.78;17.30;18.79
85.551;85551;88577;12.70;17.21;18.79
86.054;86054;89080;12.70;17.21;18.79
86.557;86557;89583;12.70;17.21;18.70
87.061;87061;90087;12.70;17.12;18.70
87.564;87564;90590;12.70;17.12;18.70
88.066;88066;91092;12.61;17.03;18.61
88.57;88570;91596;12.61;17.03;18.61
89.073;89073;92099;12.61;17.03;18.61
89.577;89577;92603;12.52;16.95;18.61
90.08;90080;93106;12.52;16.95;18.53
90.583;90583;93609;12.52;16.95;18.53
91.086;91086;94112;12.52;16.95;18.44
91.59;91590;94616;12.52;16.86;18.44
92.093;92093;95119;12.43;16.86;18.44
92.597;92597;95623;12.43;16.86;18.35
93.099;93099;96125;12.43;16.86;18.35
93.603;93603;96629;12.43;16.77;18.35
94.106;94106;97132;12.34;16.77;18.26
94.61;94610;97636;12.34;16.77;18.26
95.113;95113;98139;12.34;16.68;18.26
95.615;95615;98641;12.25;16.68;18.26
96.119;96119;99145;12.25;16.68;18.17
96.622;96622;99648;12.25;16.59;18.17
97.126;97126;100152;12.25;16.59;18.17
97.629;97629;100655;12.25;16.59;18.09
98.132;98132;101158;12.16;16.59;18.09
98.635;98635;101661;12.16;16.59;18.09
99.139;99139;102165;12.16;16.51;18.09
99.642;99642;102668;12.16;16.51;18.00
100.146;100146;103172;12.16;16.51;18.00
100.648;100648;103674;12.07;16.42;18.00
101.152;101152;104178;12.07;16.42;17.91
101.655;101655;104681;12.07;16.42;17.91
102.159;102159;105185;12.07;16.42;17.91
102.662;102662;105688;11.98;16.33;17.91
103.165;103165;106191;11.98;16.33;17.82
103.668;103668;106694;11.98;16.33;17.82
104.172;104172;107198;11.98;16.24;17.82
104.675;104675;107701;11.98;16.24;17.82
105.179;105179;108205;11.89;16.24;17.74
105.681;105681;108707;11.98;16.24;17.74
106.185;106185;109211;11.98;16.15;17.65
106.688;106688;109714;11.89;16.15;17.65
107.192;107192;110218;11.98;16.15;17.65
107.695;107695;110721;11.89;16.15;17.56
108.198;108198;111224;11.89;16.07;17.56
108.701;108701;111727;11.89;16.07;17.56
109.205;109205;112231;11.89;16.07;17.56
109.708;109708;112734;11.89;16.07;17.47
110.212;110212;113238;11.89;15.98;17.47
110.714;110714;113740;11.89;15.98;17.47
111.218;111218;114244;11.80;15.98;17.47
111.721;111721;114747;11.80;15.98;17.39
112.225;112225;115251;11.80;15.98;17.39
112.727;112727;115753;11.80;15.89;17.39
113.231;113231;116257;11.71;15.89;17.30
113.734;113734;116760;11.71;15.89;17.30
114.238;114238;117264;11.71;15.89;17.30
114.742;114742;117768;11.62;15.80;17.21
115.244;115244;118270;11.62;15.80;17.21
115.748;115748;118774;11.62;15.80;17.21
116.251;116251;119277;11.62;15.80;17.12
116.755;116755;119781;11.62;15.71;17.12
117.258;117258;120284;11.53;15.71;17.12
117.761;117761;120787;11.53;15.71;17.12
118.264;118264;121290;11.53;15.71;17.12
118.768;118768;121794;11.53;15.71;17.03
119.271;119271;122297;11.53;15.71;17.03
119.775;119775;122801;11.53;15.63;17.03
120.277;120277;123303;11.44;15.63;17.03
120.781;120781;123807;11.44;15.63;17.03
121.284;121284;124310;11.44;15.63;16.95
121.788;121788;124814;11.44;15.63;16.95
122.291;122291;125317;11.44;15.54;16.95
122.794;122794;125820;11.34;15.54;16.95
123.297;123297;126323;11.34;15.54;16.86
123.801;123801;126827;11.34;15.54;16.86
124.304;124304;127330;11.34;15.45;16.86
124.808;124808;127834;11.34;15.45;16.86
125.31;125310;128336;11.34;15.45;16.77
125.814;125814;128840;11.34;15.45;16.77
126.317;126317;129343;11.34;15.45;16.77
126.821;126821;129847;11.34;15.36;16.68
127.324;127324;130350;11.25;15.36;16.68
127.827;127827;130853;11.25;15.36;16.68
128.33;128330;131356;11.25;15.27;16.68
128.834;128834;131860;11.16;15.27;16.59
129.337;129337;132363;11.16;15.27;16.59
129.841;129841;132867;11.07;15.27;16.59
130.343;130343;133369;11.07;15.27;16.59
130.847;130847;133873;11.07;15.18;16.59
131.35;131350;134376;10.98;15.18;16.51
131.854;131854;134880;10.98;15.18;16.51
132.357;132357;135383;10.98;15.18;16.51
132.86;132860;135886;10.98;15.10;16.51
133.363;133363;136389;10.98;15.10;16.42
133.867;133867;136893;10.98;15.10;16.42
134.37;134370;137396;10.98;15.10;16.42
134.874;134874;137900;11.07;15.10;16.33
135.376;135376;138402;11.07;15.10;16.33
135.88;135880;138906;11.07;15.01;16.33
136.383;136383;139409;10.98;15.01;16.33
136.887;136887;139913;10.98;15.01;16.33
137.39;137390;140416;10.98;15.01;16.33
137.893;137893;140919;10.98;14.92;16.24
138.396;138396;141422;10.98;14.92;16.24
138.9;138900;141926;10.98;14.92;16.24
139.403;139403;142429;10.98;14.92;16.24
139.906;139906;142932;10.98;14.92;16.15
140.409;140409;143435;10.98;14.83;16.15
140.913;140913;143939;10.98;14.83;16.15
141.416;141416;144442;10.89;14.83;16.15
141.92;141920;144946;10.98;14.83;16.15
142.422;142422;145448;10.89;14.83;16.07
142.926;142926;145952;10.89;14.74;16.07
143.429;143429;146455;10.89;14.74;16.07
143.933;143933;146959;10.89;14.74;16.07
144.436;144436;147462;10.80;14.74;16.07
144.939;144939;147965;10.80;14.74;16.07
145.442;145442;148468;10.80;14.74;15.98
145.946;145946;148972;10.80;14.74;15.98
146.449;146449;149475;10.80;14.74;15.98
146.953;146953;149979;10.80;14.74;15.98
147.455;147455;150481;10.71;14.74;15.98
147.959;147959;150985;10.80;14.65;15.89
148.462;148462;151488;10.71;14.65;15.89
148.966;148966;151992;10.71;14.65;15.89
149.469;149469;152495;10.71;14.65;15.89
149.972;149972;152998;10.71;14.65;15.89
150.475;150475;153501;10.80;14.65;15.89
150.979;150979;154005;10.71;14.57;15.89
151.482;151482;154508;10.71;14.57;15.80
151.986;151986;155012;10.71;14.57;15.80
152.488;152488;155514;10.71;14.57;15.80
152.992;152992;156018;10.71;14.57;15.80
153.495;153495;156521;10.71;14.57;15.80
153.999;153999;157025;10.62;14.57;15.80
154.503;154503;157529;10.62;14.57;15.80
155.005;155005;158031;10.71;14.48;15.80
155.508;155508;158534;10.71;14.48;15.80
156.012;156012;159038;10.71;14.48;15.71
156.516;156516;159542;10.71;14.48;15.71
157.019;157019;160045;10.62;14.48;15.71
157.522;157522;160548;10.62;14.48;15.71
158.025;158025;161051;10.62;14.39;15.71
158.529;158529;161555;10.62;14.39;15.71
159.032;159032;162058;10.62;14.39;15.71
159.536;159536;162562;10.71;14.39;15.71
160.038;160038;163064;10.62;14.39;15.71
160.542;160542;163568;10.62;14.39;15.71
161.045;161045;164071;10.62;14.39;15.71
161.549;161549;164575;10.62;14.39;15.63
162.052;162052;165078;10.62;14.39;15.63
162.555;162555;165581;10.62;14.30;15.63
163.058;163058;166084;10.62;14.30;15.63
163.562;163562;166588;10.62;14.30;15.63
164.065;164065;167091;10.62;14.30;15.63
164.569;164569;167595;10.62;14.30;15.54
165.071;165071;168097;10.62;14.30;15.54
165.575;165575;168601;10.62;14.30;15.54
166.078;166078;169104;10.62;14.30;15.54
166.582;166582;169608;10.62;14.30;15.54
167.084;167084;170110;10.62;14.21;15.54
167.588;167588;170614;10.62;14.30;15.54
168.091;168091;171117;10.53;14.21;15.54
168.595;168595;171621;10.53;14.21;15.45
169.098;169098;172124;10.53;14.21;15.45
169.601;169601;172627;10.53;14.21;15.45
170.104;170104;173130;10.53;14.21;15.45
170.608;170608;173634;10.53;14.21;15.45
171.111;171111;174137;10.44;14.21;15.45
171.615;171615;174641;10.35;14.12;15.36
172.117;172117;175143;10.35;14.12;15.36
172.621;172621;175647;10.35;14.12;15.36
173.124;173124;176150;10.25;14.12;15.27
173.628;173628;176654;10.25;14.03;15.27
174.131;174131;177157;10.25;14.03;15.27
174.634;174634;177660;10.25;14.03;15.27
175.137;175137;178163;10.16;14.03;15.18
175.641;175641;178667;10.25;13.94;15.27
176.144;176144;179170;10.16;13.94;15.18
176.648;176648;179674;10.16;13.94;15.18
177.15;177150;180176;10.16;13.94;15.18
177.654;177654;180680;10.16;13.94;15.10
178.158;178158;181184;10.16;13.94;15.10
178.661;178661;181687;10.16;13.86;15.10
179.165;179165;182191;10.16;13.86;15.10
179.667;179667;182693;10.16;13.86;15.10
180.171;180171;183197;10.16;13.86;15.10
180.674;180674;183700;10.16;13.86;15.10
181.178;181178;184204;10.16;13.86;15.01
181.681;181681;184707;10.07;13.86;15.10
182.184;182184;185210;10.07;13.86;15.01
182.687;182687;185713;10.07;13.86;15.01
183.191;183191;186217;10.07;13.86;15.01
183.694;183694;186720;10.07;13.86;15.01
184.198;184198;187224;10.07;13.86;15.01
184.7;184700;187726;10.07;13.86;15.01
185.204;185204;188230;10.16;13.86;15.01
185.707;185707;188733;10.07;13.86;15.01
186.211;186211;189237;10.07;13.77;15.01
186.714;186714;189740;10.07;13.77;15.01
187.217;187217;190243;10.16;13.77;15.01
187.72;187720;190746;10.07;13.77;14.92
188.224;188224;191250;10.07;13.77;14.92
188.727;188727;191753;10.07;13.77;14.92
189.231;189231;192257;10.07;13.77;14.92
189.733;189733;192759;10.07;13.68;14.92
190.237;190237;193263;10.07;13.68;14.92
190.74;190740;193766;10.07;13.68;14.92
191.244;191244;194270;10.07;13.68;14.92
191.746;191746;194772;9.98;13.68;14.83
192.25;192250;195276;9.98;13.68;14.83
192.753;192753;195779;9.98;13.68;14.83
193.256;193256;196282;9.98;13.68;14.83
193.76;193760;196786;9.98;13.68;14.74
194.262;194262;197288;9.98;13.68;14.74
194.766;194766;197792;9.98;13.59;14.74
195.269;195269;198295;9.98;13.59;14.74
195.773;195773;198799;9.89;13.59;14.74
196.276;196276;199302;9.89;13.59;14.74
196.779;196779;199805;9.89;13.59;14.74
197.282;197282;200308;9.89;13.59;14.74
197.786;197786;200812;9.89;13.50;14.65
198.289;198289;201315;9.89;13.50;14.65
198.793;198793;201819;9.89;13.50;14.65
199.295;199295;202321;9.89;13.50;14.65
199.799;199799;202825;9.89;13.50;14.65
200.302;200302;203328;9.89;13.50;14.65
200.806;200806;203832;9.89;13.41;14.65
201.309;201309;204335;9.80;13.41;14.65
201.811;201811;204837;9.80;13.41;14.65
202.315;202315;205341;9.80;13.41;14.57
202.818;202818;205844;9.80;13.41;14.57
203.322;203322;206348;9.80;13.41;14.65
203.825;203825;206851;9.80;13.41;14.57
204.328;204328;207354;9.80;13.41;14.57
204.831;204831;207857;9.80;13.32;14.57
205.334;205334;208360;9.80;13.41;14.57
205.838;205838;208864;9.80;13.32;14.57
206.341;206341;209367;9.80;13.32;14.57
206.844;206844;209870;9.70;13.41;14.57
207.347;207347;210373;9.70;13.41;14.48
207.851;207851;210877;9.70;13.32;14.48
208.354;208354;211380;9.70;13.32;14.48
208.858;208858;211884;9.70;13.32;14.48
209.36;209360;212386;9.80;13.32;14.48
209.863;209863;212889;9.80;13.32;14.48
210.367;210367;213393;9.80;13.32;14.48
210.87;210870;213896;9.80;13.32;14.48
211.374;211374;214400;9.70;13.23;14.39
211.876;211876;214902;9.70;13.32;14.39
212.38;212380;215406;9.70;13.23;14.39
212.883;212883;215909;9.70;13.23;14.39
213.387;213387;216413;9.70;13.23;14.39
213.889;213889;216915;9.70;13.23;14.39
214.392;214392;217418;9.70;13.23;14.30
214.896;214896;217922;9.80;13.23;14.39
215.399;215399;218425;9.80;13.23;14.30
215.903;215903;218929;9.70;13.23;14.30
216.405;216405;219431;9.70;13.14;14.30
216.909;216909;219935;9.70;13.14;14.30
217.412;217412;220438;9.70;13.14;14.30
217.916;217916;220942;9.70;13.14;14.30
218.419;218419;221445;9.70;13.14;14.30
218.921;218921;221947;9.70;13.14;14.30
219.425;219425;222451;9.70;13.05;14.30
219.928;219928;222954;9.61;13.14;14.30
220.432;220432;223458;9.70;13.05;14.30
220.935;220935;223961;9.61;13.05;14.21
221.438;221438;224464;9.61;13.05;14.30
221.941;221941;224967;9.61;13.05;14.21
222.445;222445;225471;9.61;13.05;14.21
222.948;222948;225974;9.61;13.05;14.21
223.451;223451;226477;9.61;13.05;14.21
223.954;223954;226980;9.61;12.96;14.21
224.457;224457;227483;9.61;12.96;14.12
224.961;224961;227987;9.61;13.05;14.12
225.464;225464;228490;9.61;12.96;14.12
225.968;225968;228994;9.61;12.96;14.12
226.47;226470;229496;9.61;12.96;14.12
226.974;226974;230000;9.61;13.05;14.12
227.477;227477;230503;9.61;12.96;14.12
227.981;227981;231007;9.61;12.96;14.12
228.484;228484;231510;9.61;12.96;14.12
228.986;228986;232012;9.61;12.96;14.12
229.49;229490;232516;9.52;12.87;14.03
229.993;229993;233019;9.52;12.87;14.03
230.497;230497;233523;9.52;12.87;14.03
230.999;230999;234025;9.52;12.87;14.03
231.503;231503;234529;9.52;12.87;14.03
232.006;232006;235032;9.43;12.78;14.12
232.51;232510;235536;9.43;12.87;14.03
233.013;233013;236039;9.43;12.78;14.12
233.515;233515;236541;9.43;12.78;14.12
234.019;234019;237045;9.34;12.78;14.12
234.522;234522;237548;9.34;12.78;14.12
235.026;235026;238052;9.34;12.78;14.12
235.529;235529;238555;9.24;12.78;14.12
236.032;236032;239058;9.24;12.78;14.12
236.535;236535;239561;9.24;12.78;14.12
237.039;237039;240065;9.15;12.78;14.12
237.542;237542;240568;9.15;12.78;14.12
238.046;238046;241072;9.15;12.70;14.12
238.548;238548;241574;9.15;12.70;14.12
239.052;239052;242078;9.06;12.70;14.12
239.555;239555;242581;9.06;12.70;14.12
240.059;240059;243085;9.06;12.70;14.12
240.562;240562;243588;9.06;12.70;14.12
241.064;241064;244090;9.06;12.70;14.12
241.568;241568;244594;9.06;12.70;14.12
242.071;242071;245097;8.97;12.70;14.12
242.575;242575;245601;8.97;12.70;14.12
243.078;243078;246104;8.97;12.61;14.12
243.581;243581;246607;8.97;12.61;14.12
244.084;244084;247110;8.87;12.61;14.12
244.588;244588;247614;8.87;12.61;14.12
245.091;245091;248117;8.87;12.61;14.03
245.595;245595;248621;8.87;12.61;14.03
246.097;246097;249123;8.87;12.61;14.03
246.6;246600;249626;8.87;12.61;14.03
247.104;247104;250130;8.87;12.61;14.03
247.607;247607;250633;8.87;12.61;13.94
248.111;248111;251137;8.87;12.61;13.94
248.613;248613;251639;8.87;12.61;13.94
249.117;249117;252143;8.87;12.52;13.94
249.62;249620;252646;8.87;12.52;13.94
250.124;250124;253150;8.78;12.52;13.94
250.626;250626;253652;8.87;12.52;13.94
251.13;251130;254156;8.78;12.52;13.86
251.633;251633;254659;8.78;12.52;13.86
252.137;252137;255163;8.78;12.52;13.86
252.64;252640;255666;8.78;12.52;13.86
253.142;253142;256168;8.87;12.52;13.86
253.646;253646;256672;8.87;12.52;13.86
254.149;254149;257175;8.87;12.43;13.86
254.653;254653;257679;8.87;12.43;13.86
255.156;255156;258182;8.87;12.43;13.86
255.659;255659;258685;8.87;12.43;13.77
256.162;256162;259188;8.87;12.43;13.77
256.666;256666;259692;8.78;12.43;13.77
257.169;257169;260195;8.78;12.43;13.77
257.673;257673;260699;8.78;12.43;13.77
258.175;258175;261201;8.78;12.43;13.77
258.679;258679;261705;8.78;12.43;13.77
259.182;259182;262208;8.69;12.43;13.77
259.686;259686;262712;8.69;12.34;13.77
260.189;260189;263215;8.69;12.34;13.77
260.692;260692;263718;8.69;12.34;13.77
261.195;261195;264221;8.69;12.34;13.77
261.699;261699;264725;8.69;12.34;13.77
262.202;262202;265228;8.60;12.34;13.77
262.706;262706;265732;8.60;12.34;13.68
263.208;263208;266234;8.60;12.34;13.77
263.711;263711;266737;8.60;12.34;13.77
264.215;264215;267241;8.60;12.34;13.77
264.718;264718;267744;8.60;12.34;13.68
265.222;265222;268248;8.50;12.25;13.68
265.724;265724;268750;8.60;12.34;13.68
266.228;266228;269254;8.60;12.34;13.68
266.731;266731;269757;8.50;12.25;13.68
267.235;267235;270261;8.50;12.25;13.68
267.738;267738;270764;8.50;12.34;13.68
268.241;268241;271267;8.50;12.34;13.68
268.744;268744;271770;8.50;12.25;13.77
269.248;269248;272274;8.50;12.25;13.77
269.751;269751;272777;8.50;12.34;13.68
270.255;270255;273281;8.60;12.25;13.77
270.757;270757;273783;8.60;12.25;13.77
271.261;271261;274287;8.50;12.34;13.68
271.764;271764;274790;8.50;12.25;13.77
272.268;272268;275294;8.50;12.25;13.77
272.77;272770;275796;8.50;12.25;13.68
273.273;273273;276299;8.50;12.25;13.68
273.777;273777;276803;8.50;12.25;13.68
274.28;274280;277306;8.50;12.25;13.68
274.784;274784;277810;8.50;12.25;13.68
275.286;275286;278312;8.41;12.25;13.68
275.79;275790;278816;8.41;12.25;13.68
276.293;276293;279319;8.41;12.16;13.68
276.797;276797;279823;8.41;12.25;13.59
277.3;277300;280326;8.41;12.16;13.59
277.803;277803;280829;8.41;12.16;13.59
278.306;278306;281332;8.41;12.16;13.59
278.81;278810;281836;8.41;12.16;13.59
279.313;279313;282339;8.41;12.16;13.59
279.817;279817;282843;8.41;12.16;13.59
280.319;280319;283345;8.41;12.16;13.59
280.822;280822;283848;8.41;12.16;13.50
281.326;281326;284352;8.41;12.16;13.50
281.829;281829;284855;8.41;12.16;13.50
282.333;282333;285359;8.41;12.16;13.50
282.835;282835;285861;8.41;12.07;13.50
283.339;283339;286365;8.41;12.07;13.50
283.842;283842;286868;8.41;12.07;13.50
284.346;284346;287372;8.41;12.07;13.50
284.849;284849;287875;8.50;12.07;13.41
285.352;285352;288378;8.50;12.07;13.41
285.855;285855;288881;8.60;12.07;13.41
286.359;286359;289385;8.60;12.07;13.41
286.862;286862;289888;8.60;12.07;13.41
287.366;287366;290392;8.60;12.07;13.41
287.868;287868;290894;8.60;12.07;13.41
288.371;288371;291397;8.69;12.07;13.41
288.875;288875;291901;8.69;12.07;13.41
289.378;289378;292404;8.69;11.98;13.41
289.882;289882;292908;8.69;11.98;13.32
290.384;290384;293410;8.69;11.98;13.32
290.888;290888;293914;8.69;11.98;13.32
291.391;291391;294417;8.69;12.07;13.32
291.895;291895;294921;8.69;11.98;13.32
292.398;292398;295424;8.69;11.98;13.32
292.901;292901;295927;8.69;11.98;13.32
293.404;293404;296430;8.69;11.98;13.32
293.908;293908;296934;8.69;11.98;13.32
294.411;294411;297437;8.69;11.98;13.32
294.914;294914;297940;8.69;11.98;13.32
295.417;295417;298443;8.69;11.98;13.23
295.921;295921;298947;8.69;11.98;13.23
296.424;296424;299450;8.69;11.98;13.23
296.928;296928;299954;8.69;11.98;13.23
297.43;297430;300456;8.69;11.98;13.23
297.933;297933;300959;8.69;11.98;13.23
298.437;298437;301463;8.69;11.98;13.14
298.94;298940;301966;8.69;11.98;13.14
299.444;299444;302470;8.69;11.98;13.14
299.946;299946;302972;8.69;11.98;13.14
300.45;300450;303476;8.69;11.98;13.14
300.953;300953;303979;8.69;11.98;13.14
301.457;301457;304483;8.69;11.98;13.14
301.96;301960;304986;8.69;11.98;13.14
302.463;302463;305489;8.69;11.98;13.14
302.966;302966;305992;8.69;11.98;13.14
303.47;303470;306496;8.69;11.98;13.14
303.973;303973;306999;8.69;11.98;13.14
304.477;304477;307503;8.69;11.98;13.14
304.979;304979;308005;8.69;11.98;13.14
305.482;305482;308508;8.69;11.98;13.05
305.986;305986;309012;8.69;11.98;13.05
306.489;306489;309515;8.69;11.98;13.14
306.993;306993;310019;8.69;11.98;13.14
307.495;307495;310521;8.69;11.98;13.05
307.999;307999;311025;8.69;11.98;13.05
308.502;308502;311528;8.69;11.98;13.05
309.006;309006;312032;8.69;11.98;13.05
309.509;309509;312535;8.69;11.98;13.05
310.012;310012;313038;8.69;11.89;13.05
310.515;310515;313541;8.69;11.89;13.05
311.019;311019;314045;8.69;11.89;13.05
311.522;311522;314548;8.69;11.89;13.05
312.026;312026;315052;8.69;11.89;13.05
312.528;312528;315554;8.69;11.89;12.96
313.031;313031;316057;8.69;11.89;12.96
313.535;313535;316561;8.69;11.89;12.96
314.038;314038;317064;8.69;11.89;12.96
314.542;314542;317568;8.69;11.89;12.96
315.044;315044;318070;8.69;11.89;12.96
315.548;315548;318574;8.60;11.89;12.96
316.051;316051;319077;8.60;11.89;12.96
316.555;316555;319581;8.60;11.89;12.96
317.057;317057;320083;8.50;11.89;12.96
317.561;317561;320587;8.50;11.89;12.96
318.064;318064;321090;8.50;11.80;12.96
318.568;318568;321594;8.50;11.80;12.96
319.071;319071;322097;8.50;11.80;12.96
319.573;319573;322599;8.41;11.80;12.96
320.077;320077;323103;8.41;11.80;12.96
320.58;320580;323606;8.41;11.80;12.96
321.084;321084;324110;8.41;11.80;12.96
321.587;321587;324613;8.41;11.80;12.96
322.09;322090;325116;8.32;11.71;12.96
322.593;322593;325619;8.32;11.71;12.96
323.097;323097;326123;8.32;11.80;12.96
323.6;323600;326626;8.32;11.71;12.96
324.104;324104;327130;8.32;11.71;12.96
324.606;324606;327632;8.41;11.71;12.96
325.11;325110;328136;8.41;11.71;12.96
325.613;325613;328639;8.41;11.71;12.96
326.117;326117;329143;8.41;11.71;12.96
326.62;326620;329646;8.41;11.71;12.96
327.123;327123;330149;8.41;11.71;12.96
327.626;327626;330652;8.32;11.71;12.96
328.13;328130;331156;8.32;11.71;12.96
328.633;328633;331659;8.32;11.71;12.96
329.137;329137;332163;8.32;11.71;12.96
329.639;329639;332665;8.32;11.71;12.96
330.142;330142;333168;8.32;11.71;12.96
330.646;330646;333672;8.22;11.71;12.96
331.15;331150;334176;8.22;11.71;12.96
331.653;331653;334679;8.22;11.71;12.96
332.155;332155;335181;8.22;11.71;12.96
332.659;332659;335685;8.22;11.71;12.96
333.162;333162;336188;8.32;11.62;12.87
333.666;333666;336692;8.32;11.62;12.87
334.169;334169;337195;8.32;11.71;12.87
334.672;334672;337698;8.32;11.62;12.87
335.175;335175;338201;8.32;11.71;12.87
335.679;335679;338705;8.32;11.62;12.87
336.182;336182;339208;8.32;11.62;12.87
336.686;336686;339712;8.32;11.62;12.87
337.188;337188;340214;8.22;11.62;12.87
337.692;337692;340718;8.22;11.62;12.87
338.195;338195;341221;8.32;11.62;12.87
338.699;338699;341725;8.32;11.62;12.87
339.201;339201;342227;8.32;11.62;12.87
339.705;339705;342731;8.32;11.62;12.87
340.208;340208;343234;8.32;11.62;12.87
340.712;340712;343738;8.32;11.62;12.78
341.215;341215;344241;8.32;11.62;12.78
341.717;341717;344743;8.32;11.62;12.78
342.221;342221;345247;8.22;11.53;12.78
342.724;342724;345750;8.22;11.62;12.78
343.228;343228;346254;8.22;11.53;12.78
343.731;343731;346757;8.22;11.53;12.78
344.234;344234;347260;8.22;11.53;12.70
344.737;344737;347763;8.32;11.53;12.78
345.241;345241;348267;8.32;11.62;12.70
345.744;345744;348770;8.32;11.53;12.70
346.248;346248;349274;8.32;11.62;12.70
346.75;346750;349776;8.41;11.62;12.70
347.254;347254;350280;8.41;11.62;12.70
347.757;347757;350783;8.41;11.62;12.70
348.261;348261;351287;8.41;11.62;12.70
348.764;348764;351790;8.41;11.62;12.70
349.267;349267;352293;8.41;11.53;12.70
349.77;349770;352796;8.41;11.53;12.70
350.274;350274;353300;8.41;11.53;12.70
350.777;350777;353803;8.50;11.53;12.70
351.281;351281;354307;8.50;11.53;12.70
351.783;351783;354809;8.41;11.53;12.61
352.287;352287;355313;8.50;11.53;12.70
352.79;352790;355816;8.41;11.53;12.70
353.294;353294;356320;8.41;11.53;12.70
353.797;353797;356823;8.41;11.53;12.70
354.3;354300;357326;8.32;11.53;12.70
354.803;354803;357829;8.32;11.53;12.70
355.307;355307;358333;8.22;11.53;12.70
355.81;355810;358836;8.22;11.53;12.70
356.314;356314;359340;8.22;11.53;12.70
356.816;356816;359842;8.13;11.53;12.70
357.32;357320;360346;8.13;11.53;12.70
357.823;357823;360849;8.13;11.53;12.70
358.327;358327;361353;8.13;11.53;12.70
358.83;358830;361856;8.13;11.44;12.70
359.333;359333;362359;8.04;11.44;12.70
359.836;359836;362862;8.04;11.44;12.70
360.34;360340;363366;8.04;11.44;12.70
360.843;360843;363869;8.13;11.44;12.78
361.346;361346;364372;8.13;11.44;12.78
361.849;361849;364875;8.13;11.44;12.70
362.353;362353;365379;8.13;11.44;12.70
362.856;362856;365882;8.22;11.44;12.70
363.36;363360;366386;8.22;11.44;12.70
363.862;363862;366888;8.22;11.44;12.70
364.366;364366;367392;8.22;11.44;12.70
364.869;364869;367895;8.22;11.44;12.70
365.373;365373;368399;8.32;11.44;12.70
365.876;365876;368902;8.32;11.44;12.70
366.379;366379;369405;8.32;11.44;12.61
366.882;366882;369908;8.32;11.34;12.70
367.386;367386;370412;8.32;11.34;12.70
367.889;367889;370915;8.32;11.34;12.61
368.393;368393;371419;8.32;11.44;12.61
368.895;368895;371921;8.41;11.44;12.61
369.399;369399;372425;8.41;11.44;12.61
369.902;369902;372928;8.32;11.34;12.61
370.406;370406;373432;8.32;11.44;12.61
370.909;370909;373935;8.32;11.34;12.61
371.412;371412;374438;8.32;11.34;12.52
371.915;371915;374941;8.32;11.34;12.52
372.419;372419;375445;8.32;11.34;12.52
372.922;372922;375948;8.22;11.34;12.52
373.426;373426;376452;8.22;11.34;12.52
373.928;373928;376954;8.22;11.34;12.52
374.432;374432;377458;8.22;11.34;12.52
374.935;374935;377961;8.22;11.34;12.52
375.439;375439;378465;8.22;11.34;12.52
375.942;375942;378968;8.22;11.34;12.52
376.444;376444;379470;8.22;11.34;12.52
376.948;376948;379974;8.22;11.34;12.52
377.452;377452;380478;8.22;11.34;12.52
377.955;377955;380981;8.22;11.34;12.52
378.458;378458;381484;8.22;11.34;12.52
378.961;378961;381987;8.22;11.34;12.52
379.464;379464;382490;8.13;11.34;12.52
379.968;379968;382994;8.13;11.34;12.52
380.472;380472;383498;8.13;11.34;12.52
380.975;380975;384001;8.13;11.34;12.52
381.477;381477;384503;8.13;11.34;12.52
381.981;381981;385007;8.04;11.34;12.52
382.485;382485;385511;8.04;11.34;12.52
382.988;382988;386014;8.04;11.34;12.52
383.49;383490;386516;8.04;11.34;12.61
383.994;383994;387020;7.94;11.34;12.61
384.497;384497;387523;7.94;11.34;12.61
385.001;385001;388027;7.94;11.34;12.61
385.504;385504;388530;7.94;11.34;12.61
386.007;386007;389033;7.94;11.34;12.61
386.51;386510;389536;7.85;11.34;12.61
387.014;387014;390040;7.85;11.34;12.61
387.517;387517;390543;7.85;11.34;12.61
388.021;388021;391047;7.85;11.34;12.61
388.523;388523;391549;7.85;11.34;12.61
389.027;389027;392053;7.85;11.25;12.61
389.53;389530;392556;7.85;11.34;12.61
390.034;390034;393060;7.85;11.25;12.61
390.537;390537;393563;7.85;11.34;12.70
391.04;391040;394066;7.85;11.25;12.70
391.543;391543;394569;7.85;11.25;12.61
392.047;392047;395073;7.75;11.34;12.70
392.55;392550;395576;7.75;11.25;12.61
393.054;393054;396080;7.75;11.25;12.70
393.556;393556;396582;7.75;11.25;12.61
394.06;394060;397086;7.75;11.25;12.61
394.563;394563;397589;7.75;11.25;12.61
395.067;395067;398093;7.75;11.25;12.61
395.57;395570;398596;7.75;11.25;12.61
396.073;396073;399099;7.66;11.25;12.61
396.576;396576;399602;7.66;11.25;12.61
397.08;397080;400106;7.66;11.25;12.61
397.583;397583;400609;7.66;11.25;12.61
398.087;398087;401113;7.66;11.25;12.61
398.589;398589;401615;7.66;11.25;12.61
399.093;399093;402119;7.66;11.25;12.61
399.596;399596;402622;7.66;11.25;12.61
400.1;400100;403126;7.66;11.25;12.61
400.603;400603;403629;7.66;11.25;12.61
401.106;401106;404132;7.66;11.25;12.61
401.609;401609;404635;7.66;11.25;12.61
402.113;402113;405139;7.66;11.25;12.61
402.616;402616;405642;7.66;11.25;12.61
403.12;403120;406146;7.66;11.16;12.61
403.622;403622;406648;7.66;11.25;12.61
404.126;404126;407152;7.66;11.16;12.52
404.629;404629;407655;7.66;11.16;12.52
405.133;405133;408159;7.66;11.16;12.61
405.636;405636;408662;7.66;11.16;12.52
406.138;406138;409164;7.66;11.16;12.52
406.642;406642;409668;7.66;11.16;12.52
407.145;407145;410171;7.66;11.16;12.52
407.649;407649;410675;7.66;11.16;12.52
408.151;408151;411177;7.66;11.16;12.52
408.655;408655;411681;7.66;11.16;12.52
409.158;409158;412184;7.57;11.16;12.52
409.662;409662;412688;7.57;11.16;12.52
410.165;410165;413191;7.57;11.16;12.52
410.668;410668;413694;7.57;11.07;12.52
411.171;411171;414197;7.57;11.16;12.52
411.675;411675;414701;7.66;11.16;12.52
412.178;412178;415204;7.66;11.07;12.52
412.682;412682;415708;7.66;11.07;12.52
413.184;413184;416210;7.66;11.07;12.52
413.688;413688;416714;7.57;11.07;12.52
414.191;414191;417217;7.57;11.07;12.52
414.695;414695;417721;7.57;11.07;12.52
415.198;415198;418224;7.57;11.07;12.52
415.701;415701;418727;7.57;11.07;12.52
416.204;416204;419230;7.57;11.07;12.52
416.708;416708;419734;7.57;11.07;12.52
417.211;417211;420237;7.57;11.07;12.52
417.715;417715;420741;7.47;11.07;12.43
418.217;418217;421243;7.47;11.07;12.43
418.721;418721;421747;7.57;11.07;12.43
419.224;419224;422250;7.47;11.07;12.43
419.728;419728;422754;7.47;11.07;12.43
420.231;420231;423257;7.47;11.07;12.52
420.733;420733;423759;7.47;11.07;12.52
421.237;421237;424263;7.47;11.07;12.52
421.74;421740;424766;7.47;11.07;12.43
422.244;422244;425270;7.47;11.07;12.43
422.747;422747;425773;7.47;10.98;12.43
423.25;423250;426276;7.47;10.98;12.43
423.753;423753;426779;7.47;10.98;12.43
424.257;424257;427283;7.47;10.98;12.43
424.76;424760;427786;7.47;10.98;12.43
425.264;425264;428290;7.47;10.98;12.43
425.766;425766;428792;7.47;10.98;12.43
426.27;426270;429296;7.47;10.98;12.43
426.773;426773;429799;7.47;10.98;12.43
427.277;427277;430303;7.47;10.98;12.43
427.78;427780;430806;7.47;10.98;12.43
428.283;428283;431309;7.38;11.07;12.43
428.786;428786;431812;7.47;10.98;12.43
429.29;429290;432316;7.38;10.98;12.43
429.793;429793;432819;7.38;10.98;12.43
430.297;430297;433323;7.38;10.98;12.52
430.799;430799;433825;7.38;10.98;12.52
431.303;431303;434329;7.38;10.98;12.52
431.806;431806;434832;7.38;10.98;12.43
432.31;432310;435336;7.38;10.98;12.43
432.812;432812;435838;7.38;10.98;12.43
433.316;433316;436342;7.38;10.98;12.43
433.819;433819;436845;7.38;10.98;12.43
434.323;434323;437349;7.38;10.98;12.43
434.826;434826;437852;7.38;10.98;12.43
435.328;435328;438354;7.38;10.98;12.43
435.832;435832;438858;7.38;10.98;12.43
436.335;436335;439361;7.38;10.98;12.43
436.839;436839;439865;7.38;10.98;12.43
437.343;437343;440369;7.38;10.98;12.43
437.845;437845;440871;7.38;10.98;12.34
438.348;438348;441374;7.38;10.98;12.34
438.852;438852;441878;7.38;10.98;12.34
439.355;439355;442381;7.38;10.98;12.43
439.859;439859;442885;7.38;10.98;12.43
440.361;440361;443387;7.38;10.98;12.34
440.865;440865;443891;7.38;10.98;12.43
441.368;441368;444394;7.38;10.98;12.43
441.872;441872;444898;7.38;10.98;12.34
442.375;442375;445401;7.38;10.98;12.34
442.878;442878;445904;7.38;10.98;12.43
443.381;443381;446407;7.38;10.98;12.34
443.885;443885;446911;7.38;10.98;12.34
444.388;444388;447414;7.38;10.89;12.34
444.892;444892;447918;7.38;10.98;12.34
445.394;445394;448420;7.38;10.98;12.34
445.898;445898;448924;7.38;10.89;12.34
446.401;446401;449427;7.38;10.89;12.34
446.905;446905;449931;7.47;10.89;12.34
447.408;447408;450434;7.47;10.89;12.34
447.911;447911;450937;7.47;10.89;12.34
448.414;448414;451440;7.47;10.89;12.34
448.918;448918;451944;7.47;10.89;12.34
449.421;449421;452447;7.47;10.89;12.34
449.925;449925;452951;7.47;10.89;12.34
450.427;450427;453453;7.47;10.89;12.34
450.931;450931;453957;7.47;10.89;12.34
451.434;451434;454460;7.47;10.98;12.34
451.938;451938;454964;7.47;10.89;12.34
452.441;452441;455467;7.47;10.89;12.34
452.944;452944;455970;7.47;10.89;12.43
453.447;453447;456473;7.47;10.89;12.34
453.951;453951;456977;7.38;10.89;12.34
454.454;454454;457480;7.38;10.89;12.34
454.958;454958;457984;7.38;10.98;12.43
455.46;455460;458486;7.38;10.89;12.43
455.964;455964;458990;7.38;10.98;12.43
456.467;456467;459493;7.38;10.89;12.43
456.971;456971;459997;7.38;10.89;12.43
457.473;457473;460499;7.38;10.98;12.43
457.977;457977;461003;7.38;10.98;12.43
458.48;458480;461506;7.38;10.89;12.34
458.984;458984;462010;7.38;10.89;12.43
459.487;459487;462513;7.38;10.89;12.43
459.989;459989;463015;7.38;10.89;12.43
460.493;460493;463519;7.38;10.89;12.34
460.996;460996;464022;7.38;10.89;12.34
461.5;461500;464526;7.38;10.89;12.34
462.003;462003;465029;7.38;10.89;12.43
462.506;462506;465532;7.38;10.89;12.43
463.009;463009;466035;7.38;10.89;12.34
463.513;463513;466539;7.38;10.89;12.34
464.016;464016;467042;7.38;10.89;12.34
464.52;464520;467546;7.28;10.89;12.34
465.022;465022;468048;7.28;10.89;12.34
465.526;465526;468552;7.28;10.89;12.43
466.029;466029;469055;7.28;10.89;12.43
466.533;466533;469559;7.28;10.89;12.34
467.036;467036;470062;7.28;10.89;12.34
467.539;467539;470565;7.28;10.89;12.34
468.042;468042;471068;7.28;10.89;12.34
468.546;468546;471572;7.28;10.89;12.34
469.049;469049;472075;7.38;10.89;12.34
469.553;469553;472579;7.38;10.89;12.34
470.055;470055;473081;7.38;10.89;12.25
470.559;470559;473585;7.47;10.89;12.25
471.062;471062;474088;7.47;10.89;12.34
471.566;471566;474592;7.47;10.80;12.25
472.069;472069;475095;7.57;10.80;12.25
472.572;472572;475598;7.57;10.80;12.34
473.075;473075;476101;7.57;10.80;12.34
473.579;473579;476605;7.47;10.80;12.34
474.082;474082;477108;7.47;10.80;12.34
474.586;474586;477612;7.47;10.80;12.34
475.088;475088;478114;7.47;10.80;12.34
475.592;475592;478618;7.47;10.80;12.25
476.095;476095;479121;7.47;10.80;12.34
476.599;476599;479625;7.47;10.80;12.25
477.102;477102;480128;7.38;10.80;12.25
477.604;477604;480630;7.47;10.80;12.25
478.108;478108;481134;7.47;10.80;12.25
478.611;478611;481637;7.47;10.80;12.25
479.115;479115;482141;7.47;10.80;12.25
479.617;479617;482643;7.47;10.80;12.25
480.121;480121;483147;7.47;10.80;12.25
480.624;480624;483650;7.47;10.80;12.25
481.128;481128;484154;7.38;10.80;12.25
481.631;481631;484657;7.47;10.89;12.25
482.134;482134;485160;7.38;10.80;12.25
482.637;482637;485663;7.38;10.80;12.25
483.141;483141;486167;7.38;10.89;12.25
483.644;483644;486670;7.38;10.80;12.25
484.148;484148;487174;7.38;10.80;12.25
484.65;484650;487676;7.38;10.80;12.25
485.154;485154;488180;7.38;10.80;12.25
485.657;485657;488683;7.38;10.80;12.25
486.161;486161;489187;7.38;10.80;12.25
486.664;486664;489690;7.38;10.80;12.25
487.167;487167;490193;7.38;10.80;12.25
487.67;487670;490696;7.38;10.80;12.25
488.174;488174;491200;7.38;10.80;12.25
488.677;488677;491703;7.38;10.80;12.25
489.181;489181;492207;7.38;10.80;12.25
489.683;489683;492709;7.38;10.80;12.25
490.187;490187;493213;7.38;10.80;12.25
490.69;490690;493716;7.38;10.80;12.25
491.194;491194;494220;7.38;10.80;12.25
491.697;491697;494723;7.38;10.80;12.25
492.2;492200;495226;7.28;10.80;12.25
492.703;492703;495729;7.38;10.80;12.25
493.207;493207;496233;7.38;10.80;12.25
493.71;493710;496736;7.38;10.80;12.25
494.213;494213;497239;7.38;10.80;12.34
494.716;494716;497742;7.38;10.80;12.25
495.219;495219;498245;7.38;10.80;12.25
495.723;495723;498749;7.38;10.80;12.25
496.226;496226;499252;7.47;10.80;12.25
496.73;496730;499756;7.47;10.80;12.25
497.232;497232;500258;7.47;10.80;12.25
497.736;497736;500762;7.47;10.80;12.25
498.239;498239;501265;7.47;10.80;12.25
498.743;498743;501769;7.57;10.80;12.25
499.246;499246;502272;7.57;10.80;12.25
499.749;499749;502775;7.47;10.80;12.25
500.252;500252;503278;7.57;10.80;12.25
500.756;500756;503782;7.47;10.80;12.25
501.259;501259;504285;7.57;10.80;12.25
501.762;501762;504788;7.57;10.80;12.25
502.265;502265;505291;7.57;10.80;12.25
502.769;502769;505795;7.57;10.80;12.25
503.272;503272;506298;7.57;10.80;12.25
503.776;503776;506802;7.57;10.80;12.25
504.278;504278;507304;7.57;10.80;12.25
504.782;504782;507808;7.57;10.80;12.25
505.285;505285;508311;7.57;10.80;12.25
505.789;505789;508815;7.57;10.80;12.25
506.292;506292;509318;7.57;10.80;12.25
506.795;506795;509821;7.57;10.80;12.16
507.298;507298;510324;7.57;10.80;12.25
507.802;507802;510828;7.57;10.80;12.25
508.305;508305;511331;7.66;10.80;12.16
508.809;508809;511835;7.66;10.80;12.25
509.311;509311;512337;7.66;10.80;12.25
509.815;509815;512841;7.66;10.80;12.16
510.318;510318;513344;7.66;10.80;12.25
510.822;510822;513848;7.57;10.80;12.25
511.325;511325;514351;7.57;10.80;12.25
511.827;511827;514853;7.57;10.80;12.25
512.331;512331;515357;7.57;10.80;12.25
512.834;512834;515860;7.57;10.80;12.25
513.338;513338;516364;7.47;10.80;12.25
513.841;513841;516867;7.47;10.80;12.25
514.344;514344;517370;7.47;10.80;12.25
514.847;514847;517873;7.47;10.80;12.25
515.351;515351;518377;7.38;10.80;12.25
515.854;515854;518880;7.38;10.80;12.25
516.358;516358;519384;7.38;10.80;12.25
516.86;516860;519886;7.38;10.80;12.34
517.364;517364;520390;7.38;10.80;12.25
517.867;517867;520893;7.38;10.80;12.34
518.371;518371;521397;7.38;10.80;12.34
518.874;518874;521900;7.38;10.80;12.34
519.377;519377;522403;7.38;10.80;12.25
519.88;519880;522906;7.38;10.80;12.25
520.384;520384;523410;7.38;10.80;12.25
520.887;520887;523913;7.38;10.89;12.25
521.391;521391;524417;7.38;10.80;12.25
521.893;521893;524919;7.28;10.80;12.25
522.397;522397;525423;7.28;10.80;12.25
522.9;522900;525926;7.28;10.80;12.25
523.404;523404;526430;7.28;10.89;12.25
523.906;523906;526932;7.28;10.80;12.25
524.41;524410;527436;7.28;10.80;12.25
524.913;524913;527939;7.28;10.80;12.25
525.417;525417;528443;7.28;10.80;12.25
525.92;525920;528946;7.28;10.80;12.25
526.423;526423;529449;7.28;10.80;12.25
526.926;526926;529952;7.28;10.80;12.25
527.43;527430;530456;7.28;10.80;12.25
527.933;527933;530959;7.28;10.80;12.25
528.437;528437;531463;7.19;10.80;12.25
528.939;528939;531965;7.19;10.80;12.25
529.442;529442;532468;7.19;10.80;12.25
529.946;529946;532972;7.19;10.80;12.25
530.449;530449;533475;7.19;10.80;12.25
530.953;530953;533979;7.19;10.80;12.25
531.455;531455;534481;7.19;10.80;12.25
531.959;531959;534985;7.19;10.80;12.25
532.462;532462;535488;7.19;10.80;12.25
532.966;532966;535992;7.19;10.80;12.25
533.469;533469;536495;7.19;10.80;12.25
533.972;533972;536998;7.19;10.80;12.25
534.475;534475;537501;7.19;10.80;12.25
534.979;534979;538005;7.19;10.80;12.16
535.482;535482;538508;7.19;10.80;12.16
535.986;535986;539012;7.19;10.80;12.25
536.488;536488;539514;7.19;10.71;12.16
536.992;536992;540018;7.19;10.71;12.16
537.495;537495;540521;7.19;10.71;12.16
537.999;537999;541025;7.19;10.71;12.16
538.502;538502;541528;7.19;10.71;12.16
539.005;539005;542031;7.09;10.71;12.16
539.508;539508;542534;7.09;10.71;12.16
540.012;540012;543038;7.19;10.71;12.16
540.515;540515;543541;7.19;10.71;12.16
541.019;541019;544045;7.19;10.71;12.16
541.521;541521;544547;7.19;10.80;12.16
542.025;542025;545051;7.19;10.71;12.16
542.528;542528;545554;7.19;10.80;12.25
543.032;543032;546058;7.19;10.80;12.25
543.535;543535;546561;7.19;10.80;12.16
544.038;544038;547064;7.19;10.71;12.16
544.541;544541;547567;7.19;10.71;12.16
545.045;545045;548071;7.19;10.71;12.16
545.548;545548;548574;7.28;10.71;12.16
546.05;546050;549076;7.28;10.71;12.16
546.554;546554;549580;7.28;10.71;12.16
547.058;547058;550084;7.28;10.71;12.16
547.561;547561;550587;7.28;10.71;12.16
548.065;548065;551091;7.38;10.71;12.16
548.567;548567;551593;7.38;10.71;12.07
549.07;549070;552096;7.47;10.71;12.07
549.574;549574;552600;7.47;10.71;12.07
550.077;550077;553103;7.47;10.71;12.07
550.581;550581;553607;7.47;10.71;12.07
551.083;551083;554109;7.57;10.71;12.07
551.587;551587;554613;7.57;10.71;12.07
552.09;552090;555116;7.57;10.71;12.07
552.594;552594;555620;7.57;10.80;12.07
553.097;553097;556123;7.66;10.71;12.07
553.6;553600;556626;7.66;10.71;12.07
554.103;554103;557129;7.66;10.71;12.07
554.607;554607;557633;7.75;10.71;12.07
555.11;555110;558136;7.75;10.80;12.07
555.614;555614;558640;7.66;10.71;12.07
556.116;556116;559142;7.66;10.71;12.07
556.62;556620;559646;7.66;10.71;12.07
557.123;557123;560149;7.66;10.71;12.07
557.627;557627;560653;7.66;10.71;12.07
558.13;558130;561156;7.66;10.71;12.07
558.633;558633;561659;7.66;10.71;12.07
559.136;559136;562162;7.57;10.71;11.98
559.64;559640;562666;7.57;10.71;12.07
560.143;560143;563169;7.57;10.71;11.98
560.647;560647;563673;7.57;10.71;11.98
561.149;561149;564175;7.47;10.71;11.98
561.653;561653;564679;7.47;10.71;11.98
562.156;562156;565182;7.47;10.71;11.98
562.66;562660;565686;7.57;10.71;11.98
563.163;563163;566189;7.57;10.71;11.98
563.666;563666;566692;7.57;10.71;11.98
564.169;564169;567195;7.57;10.71;11.98
564.673;564673;567699;7.57;10.71;11.98
565.176;565176;568202;7.57;10.71;11.98
565.68;565680;568706;7.57;10.71;11.98
566.182;566182;569208;7.57;10.71;11.98
566.686;566686;569712;7.57;10.71;11.98
567.189;567189;570215;7.57;10.62;11.98
567.693;567693;570719;7.57;10.71;11.89
568.196;568196;571222;7.57;10.62;11.98
568.699;568699;571725;7.57;10.62;11.98
569.202;569202;572228;7.47;10.71;11.98
569.706;569706;572732;7.47;10.71;11.98
570.209;570209;573235;7.47;10.71;11.98
570.713;570713;573739;7.47;10.71;11.98
571.215;571215;574241;7.47;10.71;12.07
571.719;571719;574745;7.38;10.71;12.07
572.222;572222;575248;7.38;10.62;12.07
572.726;572726;575752;7.38;10.71;12.07
573.228;573228;576254;7.38;10.71;12.07
573.732;573732;576758;7.47;10.71;11.98
574.235;574235;577261;7.47;10.62;11.98
574.739;574739;577765;7.47;10.71;11.98
575.242;575242;578268;7.47;10.71;11.98
575.744;575744;578770;7.47;10.62;11.98
576.248;576248;579274;7.47;10.71;12.07
576.751;576751;579777;7.47;10.71;12.07
577.255;577255;580281;7.47;10.62;12.07
577.759;577759;580785;7.47;10.71;12.07
578.261;578261;581287;7.47;10.71;12.07
578.764;578764;581790;7.47;10.71;12.07
579.268;579268;582294;7.47;10.71;12.07
579.771;579771;582797;7.47;10.71;12.07
580.275;580275;583301;7.47;10.71;12.07
580.777;580777;583803;7.47;10.71;12.07
581.281;581281;584307;7.47;10.71;12.07
581.784;581784;584810;7.57;10.71;12.07
582.288;582288;585314;7.57;10.71;12.07
582.791;582791;585817;7.57;10.71;12.07
583.294;583294;586320;7.57;10.71;12.07
583.797;583797;586823;7.57;10.71;12.07
584.301;584301;587327;7.57;10.71;12.07
584.804;584804;587830;7.66;10.71;12.07
585.308;585308;588334;7.66;10.71;12.07
585.81;585810;588836;7.66;10.71;12.07
586.314;586314;589340;7.66;10.71;12.07
586.817;586817;589843;7.66;10.71;12.07
587.321;587321;590347;7.66;10.71;12.07
587.824;587824;590850;7.66;10.71;12.07
588.327;588327;591353;7.66;10.71;12.07
588.83;588830;591856;7.57;10.71;12.07
589.334;589334;592360;7.57;10.71;12.07
589.837;589837;592863;7.57;10.71;12.07
590.341;590341;593367;7.57;10.71;12.07
590.843;590843;593869;7.57;10.71;12.07
591.347;591347;594373;7.47;10.71;12.07
591.85;591850;594876;7.47;10.71;12.07
592.354;592354;595380;7.47;10.71;12.16
592.857;592857;595883;7.47;10.71;12.16
593.36;593360;596386;7.47;10.80;12.16
593.863;593863;596889;7.38;10.71;12.16
594.367;594367;597393;7.38;10.71;12.07
594.87;594870;597896;7.38;10.71;12.16
595.374;595374;598400;7.38;10.71;12.07
595.876;595876;598902;7.38;10.71;12.16
596.38;596380;599406;7.38;10.80;12.16
596.883;596883;599909;7.38;10.80;12.16
597.387;597387;600413;7.38;10.80;12.16
597.889;597889;600915;7.38;10.80;12.16
598.393;598393;601419;7.38;10.80;12.16
598.896;598896;601922;7.38;10.71;12.16
599.4;599400;602426;7.38;10.80;12.16
599.903;599903;602929;7.38;10.71;12.16
600.405;600405;603431;7.38;10.71;12.07
600.909;600909;603935;7.38;10.71;12.07
601.413;601413;604439;7.47;10.71;12.07
601.916;601916;604942;7.38;10.71;12.07
602.42;602420;605446;7.38;10.71;12.07
602.922;602922;605948;7.38;10.71;12.07
603.425;603425;606451;7.38;10.71;12.07
603.929;603929;606955;7.38;10.71;12.07
604.432;604432;607458;7.38;10.71;12.07
604.936;604936;607962;7.38;10.71;12.07
605.438;605438;608464;7.38;10.71;12.07
605.942;605942;608968;7.38;10.71;11.98
606.445;606445;609471;7.38;10.71;12.07
606.949;606949;609975;7.28;10.71;11.98
607.452;607452;610478;7.28;10.71;11.98
607.955;607955;610981;7.28;10.71;11.98
608.458;608458;611484;7.28;10.71;11.98
608.962;608962;611988;7.28;10.71;11.98
609.465;609465;612491;7.28;10.71;12.07
609.969;609969;612995;7.28;10.62;12.07
610.471;610471;613497;7.28;10.71;12.07
610.975;610975;614001;7.28;10.71;11.98
611.478;611478;614504;7.28;10.71;12.07
611.982;611982;615008;7.28;10.71;12.07
612.485;612485;615511;7.28;10.71;12.07
612.988;612988;616014;7.28;10.71;12.07
613.491;613491;616517;7.28;10.71;12.07
613.995;613995;617021;7.28;10.71;11.98
614.498;614498;617524;7.28;10.71;12.07
615.002;615002;618028;7.28;10.71;12.07
615.504;615504;618530;7.28;10.71;12.07
616.008;616008;619034;7.28;10.71;12.07
616.511;616511;619537;7.28;10.71;12.07
617.015;617015;620041;7.38;10.71;12.07
617.518;617518;620544;7.38;10.71;12.07
618.021;618021;621047;7.47;10.71;12.07
618.524;618524;621550;7.38;10.71;12.07
619.028;619028;622054;7.38;10.71;12.07
619.531;619531;622557;7.38;10.71;12.16
620.034;620034;623060;7.38;10.71;12.16
620.537;620537;623563;7.38;10.71;12.07
621.041;621041;624067;7.38;10.71;12.16
621.544;621544;624570;7.38;10.71;12.16
622.048;622048;625074;7.28;10.71;12.16
622.55;622550;625576;7.38;10.71;12.07
623.054;623054;626080;7.38;10.71;12.07
623.557;623557;626583;7.38;10.71;12.07
624.061;624061;627087;7.28;10.71;12.07
624.564;624564;627590;7.38;10.71;12.07
625.067;625067;628093;7.38;10.71;12.07
625.57;625570;628596;7.38;10.71;12.07
626.074;626074;629100;7.38;10.71;12.16
626.577;626577;629603;7.38;10.71;12.07
627.081;627081;630107;7.38;10.71;12.07
627.583;627583;630609;7.38;10.71;12.07
628.087;628087;631113;7.38;10.62;12.07
628.59;628590;631616;7.38;10.71;12.07
629.094;629094;632120;7.38;10.71;12.07
629.597;629597;632623;7.38;10.62;12.07
630.1;630100;633126;7.28;10.71;12.07
630.603;630603;633629;7.28;10.71;12.07
631.107;631107;634133;7.28;10.71;12.07
631.61;631610;634636;7.28;10.62;12.07
632.114;632114;635140;7.28;10.71;12.07
632.616;632616;635642;7.28;10.71;12.07
633.12;633120;636146;7.28;10.62;12.07
633.623;633623;636649;7.28;10.71;12.07
634.127;634127;637153;7.28;10.71;12.07
634.63;634630;637656;7.28;10.62;12.07
635.132;635132;638158;7.28;10.71;12.07
635.636;635636;638662;7.28;10.71;12.07
636.139;636139;639165;7.28;10.62;12.07
636.643;636643;639669;7.28;10.71;12.07
637.146;637146;640172;7.28;10.62;12.07
637.649;637649;640675;7.19;10.62;12.07
638.152;638152;641178;7.19;10.62;11.98
638.656;638656;641682;7.28;10.71;12.07
639.159;639159;642185;7.28;10.71;12.07
639.663;639663;642689;7.28;10.62;12.07
640.165;640165;643191;7.28;10.71;12.07
640.669;640669;643695;7.28;10.71;12.07
641.172;641172;644198;7.28;10.62;11.98
641.676;641676;644702;7.28;10.71;11.98
642.178;642178;645204;7.19;10.71;11.98
642.682;642682;645708;7.19;10.62;11.98
643.185;643185;646211;7.19;10.62;11.98
643.689;643689;646715;7.19;10.71;11.98
644.192;644192;647218;7.19;10.71;11.98
644.695;644695;647721;7.19;10.62;11.98
645.198;645198;648224;7.19;10.62;11.98
645.702;645702;648728;7.19;10.62;12.07
646.205;646205;649231;7.19;10.71;12.07
646.709;646709;649735;7.19;10.62;12.07
647.211;647211;650237;7.19;10.62;11.98
647.715;647715;650741;7.19;10.62;12.07
648.218;648218;651244;7.19;10.62;12.07
648.722;648722;651748;7.19;10.62;12.07
649.225;649225;652251;7.19;10.71;12.07
649.728;649728;652754;7.19;10.71;12.07
650.231;650231;653257;7.19;10.71;12.07
650.735;650735;653761;7.19;10.71;12.07
651.238;651238;654264;7.19;10.62;12.07
651.742;651742;654768;7.19;10.71;12.07
652.244;652244;655270;7.19;10.71;12.07
652.748;652748;655774;7.19;10.71;12.07
653.251;653251;656277;7.19;10.71;12.07
653.755;653755;656781;7.19;10.62;12.07
654.258;654258;657284;7.19;10.62;12.07
654.761;654761;657787;7.19;10.71;12.16
655.264;655264;658290;7.19;10.71;12.07
655.768;655768;658794;7.19;10.71;12.07
656.271;656271;659297;7.19;10.71;12.07
656.775;656775;659801;7.19;10.71;12.16
657.277;657277;660303;7.19;10.71;12.07
657.781;657781;660807;7.19;10.71;12.07
658.284;658284;661310;7.19;10.71;12.07
658.788;658788;661814;7.19;10.71;12.07
659.291;659291;662317;7.19;10.71;12.07
659.793;659793;662819;7.19;10.71;12.07
660.297;660297;663323;7.19;10.71;12.07
660.8;660800;663826;7.19;10.71;12.07
661.304;661304;664330;7.19;10.71;12.16
661.807;661807;664833;7.19;10.71;12.07
662.31;662310;665336;7.19;10.71;12.16
662.813;662813;665839;7.19;10.71;12.07
663.317;663317;666343;7.19;10.71;12.16
663.82;663820;666846;7.19;10.71;12.16
664.324;664324;667350;7.19;10.71;12.16
664.826;664826;667852;7.19;10.71;12.07
665.33;665330;668356;7.19;10.71;12.07
665.833;665833;668859;7.19;10.71;12.16
666.337;666337;669363;7.19;10.71;12.16
666.839;666839;669865;7.19;10.71;12.16
667.343;667343;670369;7.19;10.80;12.16
667.846;667846;670872;7.28;10.80;12.16
668.35;668350;671376;7.28;10.80;12.16
668.853;668853;671879;7.19;10.80;12.16
669.356;669356;672382;7.19;10.80;12.16
669.859;669859;672885;7.19;10.80;12.16
670.363;670363;673389;7.19;10.80;12.25
670.866;670866;673892;7.19;10.80;12.16
671.37;671370;674396;7.19;10.80;12.16
671.872;671872;674898;7.19;10.80;12.16
672.376;672376;675402;7.19;10.80;12.16
672.879;672879;675905;7.19;10.80;12.16
673.383;673383;676409;7.19;10.80;12.16
673.886;673886;676912;7.19;10.71;12.16
674.389;674389;677415;7.19;10.71;12.16
674.892;674892;677918;7.28;10.71;12.16
675.396;675396;678422;7.28;10.71;12.16
675.899;675899;678925;7.28;10.71;12.16
676.403;676403;679429;7.28;10.71;12.16
676.905;676905;679931;7.38;10.71;12.16
677.409;677409;680435;7.38;10.71;12.16
677.912;677912;680938;7.38;10.71;12.16
678.416;678416;681442;7.38;10.71;12.07
678.919;678919;681945;7.38;10.71;12.16
679.422;679422;682448;7.38;10.62;12.07
679.925;679925;682951;7.28;10.71;12.07
680.429;680429;683455;7.28;10.71;12.07
680.932;680932;683958;7.28;10.62;12.07
681.436;681436;684462;7.28;10.62;12.07
681.938;681938;684964;7.28;10.71;12.07
682.442;682442;685468;7.28;10.62;12.07
682.945;682945;685971;7.28;10.62;11.98
683.449;683449;686475;7.38;10.62;12.07
683.952;683952;686978;7.38;10.62;12.07
684.454;684454;687480;7.28;10.62;11.98
684.958;684958;687984;7.38;10.62;11.98
685.462;685462;688488;7.38;10.62;11.98
685.965;685965;688991;7.38;10.62;11.98
686.468;686468;689494;7.38;10.62;12.07
686.971;686971;689997;7.38;10.62;11.98
687.474;687474;690500;7.47;10.62;11.98
687.978;687978;691004;7.47;10.62;11.98
688.481;688481;691507;7.57;10.62;11.98
688.985;688985;692011;7.47;10.62;11.98
689.487;689487;692513;7.47;10.62;11.98
689.991;689991;693017;7.47;10.62;11.98
690.494;690494;693520;7.57;10.62;11.98
690.998;690998;694024;7.47;10.62;11.98
691.5;691500;694526;7.57;10.62;11.98
692.004;692004;695030;7.57;10.62;11.98
692.507;692507;695533;7.57;10.62;11.98
693.011;693011;696037;7.57;10.62;11.98
693.514;693514;696540;7.57;10.62;12.07
694.017;694017;697043;7.47;10.62;12.07
694.52;694520;697546;7.47;10.62;11.98
695.024;695024;698050;7.47;10.62;12.07
695.527;695527;698553;7.47;10.62;11.98
696.031;696031;699057;7.47;10.71;11.98
696.533;696533;699559;7.47;10.71;11.98
697.037;697037;700063;7.47;10.71;11.98
697.54;697540;700566;7.47;10.71;12.07
698.044;698044;701070;7.47;10.71;11.98
698.547;698547;701573;7.47;10.71;11.98
699.05;699050;702076;7.47;10.62;11.98
699.553;699553;702579;7.47;10.62;11.98
700.057;700057;703083;7.47;10.62;12.07
700.56;700560;703586;7.38;10.62;11.98
701.064;701064;704090;7.38;10.71;11.98
701.566;701566;704592;7.38;10.62;12.07
702.07;702070;705096;7.38;10.62;12.07
702.573;702573;705599;7.38;10.71;12.07
703.077;703077;706103;7.38;10.71;12.07
703.58;703580;706606;7.38;10.62;12.07
704.083;704083;707109;7.28;10.62;12.07
704.586;704586;707612;7.28;10.71;12.07
705.09;705090;708116;7.28;10.71;12.07
705.593;705593;708619;7.28;10.71;12.16
706.097;706097;709123;7.28;10.71;12.16
706.599;706599;709625;7.28;10.71;12.16
707.103;707103;710129;7.28;10.71;12.16
707.606;707606;710632;7.28;10.71;12.16
708.11;708110;711136;7.28;10.71;12.16
708.613;708613;711639;7.28;10.71;12.16
709.116;709116;712142;7.28;10.71;12.16
709.619;709619;712645;7.28;10.71;12.16
710.123;710123;713149;7.28;10.71;12.16
710.626;710626;713652;7.28;10.71;12.16
711.13;711130;714156;7.28;10.71;12.16
711.632;711632;714658;7.28;10.71;12.16
712.136;712136;715162;7.28;10.71;12.16
712.639;712639;715665;7.28;10.71;12.16
713.143;713143;716169;7.28;10.71;12.25
713.646;713646;716672;7.28;10.71;12.25
714.149;714149;717175;7.28;10.71;12.25
714.652;714652;717678;7.28;10.71;12.25
715.156;715156;718182;7.19;10.71;12.25
715.659;715659;718685;7.28;10.71;12.25
716.162;716162;719188;7.19;10.71;12.25
716.665;716665;719691;7.19;10.71;12.25
717.169;717169;720195;7.19;10.71;12.25
717.672;717672;720698;7.28;10.71;12.25
718.176;718176;721202;7.28;10.71;12.25
718.678;718678;721704;7.28;10.80;12.25
719.182;719182;722208;7.28;10.71;12.25
719.685;719685;722711;7.28;10.71;12.25
720.189;720189;723215;7.19;10.71;12.25
720.692;720692;723718;7.19;10.71;12.25
721.195;721195;724221;7.19;10.71;12.25
721.698;721698;724724;7.19;10.71;12.25
722.202;722202;725228;7.19;10.71;12.25
722.705;722705;725731;7.19;10.71;12.25
723.209;723209;726235;7.19;10.71;12.16
723.711;723711;726737;7.19;10.71;12.16
724.215;724215;727241;7.19;10.71;12.16
724.718;724718;727744;7.19;10.71;12.16
725.222;725222;728248;7.19;10.71;12.07
725.725;725725;728751;7.19;10.71;12.07
726.228;726228;729254;7.19;10.71;12.07
726.731;726731;729757;7.19;10.71;12.07
727.235;727235;730261;7.19;10.71;12.07
727.738;727738;730764;7.09;10.71;12.16
728.242;728242;731268;7.19;10.62;12.07
728.744;728744;731770;7.19;10.62;12.16
729.248;729248;732274;7.19;10.71;12.16
729.751;729751;732777;7.19;10.71;12.16
730.255;730255;733281;7.19;10.71;12.16
730.758;730758;733784;7.19;10.71;12.16
731.26;731260;734286;7.19;10.71;12.16
731.764;731764;734790;7.19;10.71;12.16
732.267;732267;735293;7.19;10.71;12.16
732.771;732771;735797;7.28;10.71;12.16
733.274;733274;736300;7.28;10.71;12.07
733.777;733777;736803;7.38;10.71;12.07
734.28;734280;737306;7.38;10.71;12.07
734.784;734784;737810;7.47;10.71;12.07
735.287;735287;738313;7.47;10.71;12.07
735.791;735791;738817;7.47;10.71;12.07
736.293;736293;739319;7.57;10.71;12.07
736.797;736797;739823;7.57;10.71;12.07
737.3;737300;740326;7.57;10.71;11.98
737.804;737804;740830;7.57;10.71;11.98
738.306;738306;741332;7.57;10.71;11.98
738.81;738810;741836;7.57;10.71;11.98
739.313;739313;742339;7.66;10.71;11.98
739.817;739817;742843;7.66;10.80;11.98
740.32;740320;743346;7.66;10.80;11.98
740.823;740823;743849;7.75;10.80;12.07
741.326;741326;744352;7.75;10.80;11.98
741.83;741830;744856;7.75;10.80;11.98
742.333;742333;745359;7.75;10.80;12.07
742.837;742837;745863;7.75;10.80;12.07
743.339;743339;746365;7.75;10.80;12.07
743.843;743843;746869;7.75;10.80;12.07
